{
  "dataset": "pamap2",
  "fusion_type": "hybrid",
  "calibration_metrics": {
    "ece": 0.019882289692759514,
    "nll": 0.24908400821819235,
    "bins": [
      0.03333333333333333,
      0.1,
      0.16666666666666669,
      0.23333333333333334,
      0.3,
      0.3666666666666667,
      0.43333333333333335,
      0.5,
      0.5666666666666667,
      0.6333333333333333,
      0.7,
      0.7666666666666666,
      0.8333333333333334,
      0.9,
      0.9666666666666667
    ],
    "accuracy_per_bin": [
      0.0,
      0.0,
      0.0,
      0.3333333333333333,
      0.08333333333333333,
      0.17647058823529413,
      0.43478260869565216,
      0.36666666666666664,
      0.6071428571428571,
      0.6428571428571429,
      0.5483870967741935,
      0.6739130434782609,
      0.8360655737704918,
      0.7865168539325843,
      0.9885123492245835
    ]
  },
  "results": {
    "early": {
      "accuracy": 0.9336158037185669,
      "ece": 0.0303672943264246,
      "mce": 0.2838059961795807,
      "nll": 0.2581101357936859
    }
  }
}